,,,REMOVE THIS LINE,,,,
1,0,-0.2,0.5,0.4,0.5,-0.5,-0.25
0.99995,0.009999833,-0.200005,0.500999983,0.399995,0.500999983,-0.49999375,-0.250999996
0.999800007,0.019998667,-0.200019999,0.501999867,0.399980001,0.501999867,-0.499975,-0.251999967
0.999550034,0.0299955,-0.200044997,0.50299955,0.399955003,0.50299955,-0.499943751,-0.252999888
0.999200107,0.039989334,-0.200079989,0.503998933,0.399920011,0.503998933,-0.499900003,-0.253999733
0.99875026,0.049979169,-0.200124974,0.504997917,0.399875026,0.504997917,-0.499843758,-0.254999479
0.99820054,0.059964006,-0.200179946,0.505996401,0.399820054,0.505996401,-0.499775017,-0.2559991
0.997551,0.069942847,-0.2002449,0.506994285,0.3997551,0.506994285,-0.499693781,-0.256998571
0.996801706,0.079914694,-0.200319829,0.507991469,0.399680171,0.507991469,-0.499600053,-0.257997867
0.995952733,0.089878549,-0.200404727,0.508987855,0.399595273,0.508987855,-0.499493835,-0.258996963
0.995004165,0.099833417,-0.200499583,0.509983342,0.399500417,0.509983342,-0.49937513,-0.259995834
0.993956098,0.109778301,-0.20060439,0.51097783,0.39939561,0.51097783,-0.499243941,-0.260994455
0.992808636,0.119712207,-0.200719136,0.511971221,0.399280864,0.511971221,-0.49910027,-0.261992801
0.991561894,0.129634143,-0.200843811,0.512963414,0.399156189,0.512963414,-0.498944122,-0.262990848
0.990215996,0.139543115,-0.2009784,0.513954311,0.3990216,0.513954311,-0.4987755,-0.263988569
0.988771078,0.149438132,-0.201122892,0.514943813,0.398877108,0.514943813,-0.498594409,-0.264985941
0.987227283,0.159318207,-0.201277272,0.515931821,0.398722728,0.515931821,-0.498400853,-0.265982939
0.985584767,0.169182349,-0.201441523,0.516918235,0.398558477,0.516918235,-0.498194837,-0.266979537
0.983843693,0.179029573,-0.201615631,0.517902957,0.398384369,0.517902957,-0.497976367,-0.26797571
0.982004235,0.188858895,-0.201799576,0.518885889,0.398200424,0.518885889,-0.497745446,-0.268971434
0.980066578,0.198669331,-0.201993342,0.519866933,0.398006658,0.519866933,-0.497502083,-0.269966683
0.978030915,0.2084599,-0.202196909,0.52084599,0.397803091,0.52084599,-0.497246281,-0.270961434
0.975897449,0.218229623,-0.202410255,0.521822962,0.397589745,0.521822962,-0.496978049,-0.27195566
0.973666395,0.227977524,-0.20263336,0.522797752,0.39736664,0.522797752,-0.496697392,-0.272949338
0.971337975,0.237702626,-0.202866203,0.523770263,0.397133797,0.523770263,-0.496404318,-0.273942441
0.968912422,0.247403959,-0.203108758,0.524740396,0.396891242,0.524740396,-0.496098834,-0.274934947
0.966389978,0.257080552,-0.203361002,0.525708055,0.396638998,0.525708055,-0.495780947,-0.275926829
0.963770896,0.266731437,-0.20362291,0.526673144,0.39637709,0.526673144,-0.495450666,-0.276918062
0.961055438,0.276355649,-0.203894456,0.527635565,0.396105544,0.527635565,-0.495107998,-0.277908623
0.958243876,0.285952225,-0.204175612,0.528595223,0.395824388,0.528595223,-0.494752953,-0.278898486
0.955336489,0.295520207,-0.204466351,0.529552021,0.395533649,0.529552021,-0.494385539,-0.279887626
0.95233357,0.305058636,-0.204766643,0.530505864,0.395233357,0.530505864,-0.494005765,-0.28087602
0.949235418,0.314566561,-0.205076458,0.531456656,0.394923542,0.531456656,-0.493613642,-0.281863641
0.946042344,0.324043028,-0.205395766,0.532404303,0.394604234,0.532404303,-0.493209178,-0.282850466
0.942754666,0.333487092,-0.205724533,0.533348709,0.394275467,0.533348709,-0.492792383,-0.28383647
0.939372713,0.342897807,-0.206062729,0.534289781,0.393937271,0.534289781,-0.492363269,-0.284821628
0.935896824,0.352274233,-0.206410318,0.535227423,0.393589682,0.535227423,-0.491921846,-0.285805915
0.932327346,0.361615432,-0.206767265,0.536161543,0.393232735,0.536161543,-0.491468125,-0.286789307
0.928664636,0.370920469,-0.207133536,0.537092047,0.392866464,0.537092047,-0.491002118,-0.287771779
0.92490906,0.380188415,-0.207509094,0.538018842,0.392490906,0.538018842,-0.490523835,-0.288753307
0.921060994,0.389418342,-0.207893901,0.538941834,0.392106099,0.538941834,-0.490033289,-0.289733866
0.917120823,0.398609328,-0.208287918,0.539860933,0.391712082,0.539860933,-0.489530492,-0.290713432
0.91308894,0.407760453,-0.208691106,0.540776045,0.391308894,0.540776045,-0.489015457,-0.29169198
0.90896575,0.416870802,-0.209103425,0.54168708,0.390896575,0.54168708,-0.488488197,-0.292669486
0.904751663,0.425939465,-0.209524834,0.542593947,0.390475166,0.542593947,-0.487948725,-0.293645925
0.900447102,0.434965534,-0.20995529,0.543496553,0.39004471,0.543496553,-0.487397054,-0.294621272
0.896052498,0.443948107,-0.21039475,0.544394811,0.38960525,0.544394811,-0.486833198,-0.295595505
0.891568288,0.452886285,-0.210843171,0.545288629,0.389156829,0.545288629,-0.486257171,-0.296568597
0.886994923,0.461779176,-0.211300508,0.546177918,0.388699492,0.546177918,-0.485668987,-0.297540525
0.882332859,0.470625888,-0.211766714,0.547062589,0.388233286,0.547062589,-0.485068662,-0.298511265
0.877582562,0.479425539,-0.212241744,0.547942554,0.387758256,0.547942554,-0.484456211,-0.299480792
0.872744508,0.488177247,-0.212725549,0.548817725,0.387274451,0.548817725,-0.483831648,-0.300449082
0.86781918,0.496880138,-0.213218082,0.549688014,0.386781918,0.549688014,-0.483194989,-0.30141611
0.862807071,0.505533341,-0.213719293,0.550553334,0.386280707,0.550553334,-0.48254625,-0.302381854
0.857708681,0.514135992,-0.214229132,0.551413599,0.385770868,0.551413599,-0.481885448,-0.303346287
0.852524522,0.522687229,-0.214747548,0.552268723,0.385252452,0.552268723,-0.481212599,-0.304309387
0.847255111,0.531186198,-0.215274489,0.55311862,0.384725511,0.55311862,-0.480527719,-0.30527113
0.841900975,0.539632049,-0.215809902,0.553963205,0.384190098,0.553963205,-0.479830826,-0.30623149
0.83646265,0.548023937,-0.216353735,0.554802394,0.383646265,0.554802394,-0.479121938,-0.307190445
0.830940679,0.556361023,-0.216905932,0.555636102,0.383094068,0.555636102,-0.478401071,-0.30814797
0.825335615,0.564642473,-0.217466439,0.556464247,0.382533561,0.556464247,-0.477668245,-0.309104041
0.819648018,0.57286746,-0.218035198,0.557286746,0.381964802,0.557286746,-0.476923476,-0.310058635
0.813878457,0.581035161,-0.218612154,0.558103516,0.381387846,0.558103516,-0.476166785,-0.311011727
0.808027508,0.589144758,-0.219197249,0.558914476,0.380802751,0.558914476,-0.475398189,-0.311963294
0.802095758,0.597195441,-0.219790424,0.559719544,0.380209576,0.559719544,-0.474617709,-0.312913312
0.796083799,0.605186406,-0.22039162,0.560518641,0.37960838,0.560518641,-0.473825363,-0.313861757
0.789992231,0.613116852,-0.221000777,0.561311685,0.378999223,0.561311685,-0.473021172,-0.314808606
0.783821666,0.620985987,-0.221617833,0.562098599,0.378382167,0.562098599,-0.472205155,-0.315753834
0.777572719,0.628793024,-0.222242728,0.562879302,0.377757272,0.562879302,-0.471377333,-0.316697418
0.771246015,0.636537182,-0.222875399,0.563653718,0.377124601,0.563653718,-0.470537726,-0.317639335
0.764842187,0.644217687,-0.223515781,0.564421769,0.376484219,0.564421769,-0.469686356,-0.318579561
0.758361876,0.651833771,-0.224163812,0.565183377,0.375836188,0.565183377,-0.468823244,-0.319518073
0.751805729,0.659384672,-0.224819427,0.565938467,0.375180573,0.565938467,-0.467948412,-0.320454847
0.745174402,0.666869635,-0.22548256,0.566686964,0.37451744,0.566686964,-0.467061881,-0.321389859
0.738468559,0.674287912,-0.226153144,0.567428791,0.373846856,0.567428791,-0.466163673,-0.322323086
0.731688869,0.68163876,-0.226831113,0.568163876,0.373168887,0.568163876,-0.465253811,-0.323254506
0.724836011,0.688921445,-0.227516399,0.568892145,0.372483601,0.568892145,-0.464332318,-0.324184094
0.71791067,0.696135239,-0.228208933,0.569613524,0.371791067,0.569613524,-0.463399216,-0.325111827
0.710913538,0.703279419,-0.228908646,0.570327942,0.371091354,0.570327942,-0.46245453,-0.326037683
0.703845316,0.710353272,-0.229615468,0.571035327,0.370384532,0.571035327,-0.461498282,-0.326961638
0.696706709,0.717356091,-0.230329329,0.571735609,0.369670671,0.571735609,-0.460530497,-0.327883668
0.689498433,0.724287174,-0.231050157,0.572428717,0.368949843,0.572428717,-0.459551199,-0.328803752
0.682221207,0.73114583,-0.231777879,0.573114583,0.368222121,0.573114583,-0.458560411,-0.329721866
0.67487576,0.737931371,-0.232512424,0.573793137,0.367487576,0.573793137,-0.45755816,-0.330637986
0.667462826,0.74464312,-0.233253717,0.574464312,0.366746283,0.574464312,-0.45654447,-0.331552091
0.659983146,0.751280405,-0.234001685,0.575128041,0.365998315,0.575128041,-0.455519366,-0.332464156
0.652437468,0.757842563,-0.234756253,0.575784256,0.365243747,0.575784256,-0.454482875,-0.33337416
0.644826547,0.764328937,-0.235517345,0.576432894,0.364482655,0.576432894,-0.453435021,-0.33428208
0.637151144,0.770738879,-0.236284886,0.577073888,0.363715114,0.577073888,-0.452375832,-0.335187893
0.629412027,0.777071748,-0.237058797,0.577707175,0.362941203,0.577707175,-0.451305333,-0.336091576
0.621609968,0.78332691,-0.237839003,0.578332691,0.362160997,0.578332691,-0.450223551,-0.336993107
0.613745749,0.78950374,-0.238625425,0.578950374,0.361374575,0.578950374,-0.449130514,-0.337892463
0.605820157,0.79560162,-0.239417984,0.579560162,0.360582016,0.579560162,-0.448026249,-0.338789621
0.597833982,0.801619941,-0.240216602,0.580161994,0.359783398,0.580161994,-0.446910783,-0.33968456
0.589788025,0.8075581,-0.241021197,0.58075581,0.358978803,0.58075581,-0.445784144,-0.340577257
0.581683089,0.813415505,-0.241831691,0.58134155,0.358168309,0.58134155,-0.444646361,-0.341467689
0.573519986,0.819191568,-0.242648001,0.581919157,0.357351999,0.581919157,-0.443497461,-0.342355835
0.565299531,0.824885713,-0.243470047,0.582488571,0.356529953,0.582488571,-0.442337475,-0.343241672
0.557022547,0.83049737,-0.244297745,0.583049737,0.355702255,0.583049737,-0.441166429,-0.344125178
0.548689861,0.836025979,-0.245131014,0.583602598,0.354868986,0.583602598,-0.439984355,-0.34500633
0.540302306,0.841470985,-0.245969769,0.584147098,0.354030231,0.584147098,-0.438791281,-0.345885108
0.531860721,0.846831845,-0.246813928,0.584683184,0.353186072,0.584683184,-0.437587237,-0.346761488
0.523365951,0.852108022,-0.247663405,0.585210802,0.352336595,0.585210802,-0.436372254,-0.347635449
0.514818845,0.857298989,-0.248518116,0.585729899,0.351481884,0.585729899,-0.435146361,-0.34850697
0.506220257,0.862404227,-0.249377974,0.586240423,0.350622026,0.586240423,-0.43390959,-0.349376028
0.497571048,0.867423226,-0.250242895,0.586742323,0.349757105,0.586742323,-0.432661971,-0.350242601
0.488872082,0.872355482,-0.251112792,0.587235548,0.348887208,0.587235548,-0.431403535,-0.351106668
0.480124229,0.877200504,-0.251987577,0.58772005,0.348012423,0.58772005,-0.430134315,-0.351968208
0.471328364,0.881957807,-0.252867164,0.588195781,0.347132836,0.588195781,-0.428854341,-0.352827198
0.462485367,0.886626914,-0.253751463,0.588662691,0.346248537,0.588662691,-0.427563645,-0.353683618
0.453596121,0.89120736,-0.254640388,0.589120736,0.345359612,0.589120736,-0.426262261,-0.354537446
0.444661517,0.895698686,-0.255533848,0.589569869,0.344466152,0.589569869,-0.42495022,-0.35538866
0.435682446,0.900100442,-0.256431755,0.590010044,0.343568245,0.590010044,-0.423627556,-0.35623724
0.426659808,0.904412189,-0.257334019,0.590441219,0.342665981,0.590441219,-0.4222943,-0.357083163
0.417594504,0.908633496,-0.25824055,0.59086335,0.34175945,0.59086335,-0.420950488,-0.35792641
0.408487441,0.91276394,-0.259151256,0.591276394,0.340848744,0.591276394,-0.419596151,-0.358766958
0.399339529,0.916803109,-0.260066047,0.591680311,0.339933953,0.591680311,-0.418231325,-0.359604787
0.390151684,0.920750598,-0.260984832,0.59207506,0.339015168,0.59207506,-0.416856043,-0.360439876
0.380924824,0.924606012,-0.261907518,0.592460601,0.338092482,0.592460601,-0.41547034,-0.361272205
0.371659872,0.928368967,-0.262834013,0.592836897,0.337165987,0.592836897,-0.414074249,-0.362101751
0.362357754,0.932039086,-0.263764225,0.593203909,0.336235775,0.593203909,-0.412667807,-0.362928495
0.353019401,0.935616002,-0.26469806,0.5935616,0.33530194,0.5935616,-0.411251049,-0.363752415
0.343645746,0.939099356,-0.265635425,0.593909936,0.334364575,0.593909936,-0.409824009,-0.364573492
0.334237727,0.942488802,-0.266576227,0.59424888,0.333423773,0.59424888,-0.408386723,-0.365391704
0.324796284,0.945783999,-0.267520372,0.5945784,0.332479628,0.5945784,-0.406939228,-0.366207032
0.315322362,0.948984619,-0.268467764,0.594898462,0.331532236,0.594898462,-0.40548156,-0.367019455
0.305816908,0.952090342,-0.269418309,0.595209034,0.330581691,0.595209034,-0.404013754,-0.367828952
0.296280873,0.955100856,-0.270371913,0.595510086,0.329628087,0.595510086,-0.402535848,-0.368635503
0.28671521,0.95801586,-0.271328479,0.595801586,0.328671521,0.595801586,-0.401047879,-0.369439088
0.277120875,0.960835064,-0.272287912,0.596083506,0.327712088,0.596083506,-0.399549883,-0.370239688
0.267498829,0.963558185,-0.273250117,0.596355819,0.326749883,0.596355819,-0.398041899,-0.371037281
0.257850033,0.966184952,-0.274214997,0.596618495,0.325785003,0.596618495,-0.396523964,-0.371831849
0.248175452,0.9687151,-0.275182455,0.59687151,0.324817545,0.59687151,-0.394996116,-0.37262337
0.238476053,0.971148378,-0.276152395,0.597114838,0.323847605,0.597114838,-0.393458393,-0.373411827
0.228752808,0.973484542,-0.277124719,0.597348454,0.322875281,0.597348454,-0.391910833,-0.374197197
0.219006687,0.975723358,-0.278099331,0.597572336,0.321900669,0.597572336,-0.390353476,-0.374979463
0.209238666,0.977864602,-0.279076133,0.59778646,0.320923867,0.59778646,-0.388786359,-0.375758605
0.199449721,0.979908061,-0.280055028,0.597990806,0.319944972,0.597990806,-0.387209524,-0.376534602
0.189640831,0.98185353,-0.281035917,0.598185353,0.318964083,0.598185353,-0.385623007,-0.377307436
0.179812978,0.983700815,-0.282018702,0.598370081,0.317981298,0.598370081,-0.384026851,-0.378077088
0.169967143,0.98544973,-0.283003286,0.598544973,0.316996714,0.598544973,-0.382421094,-0.378843537
0.160104312,0.987100101,-0.283989569,0.59871001,0.316010431,0.59871001,-0.380805776,-0.379606766
0.15022547,0.988651763,-0.284977453,0.598865176,0.315022547,0.598865176,-0.379180938,-0.380366754
0.140331606,0.99010456,-0.285966839,0.599010456,0.314033161,0.599010456,-0.377546621,-0.381123483
0.130423709,0.991458348,-0.286957629,0.599145835,0.313042371,0.599145835,-0.375902865,-0.381876934
0.120502769,0.992712991,-0.287949723,0.599271299,0.312050277,0.599271299,-0.374249711,-0.382627089
0.11056978,0.993868363,-0.288943022,0.599386836,0.311056978,0.599386836,-0.372587201,-0.383373927
0.100625733,0.99492435,-0.289937427,0.599492435,0.310062573,0.599492435,-0.370915377,-0.384117431
0.090671624,0.995880845,-0.290932838,0.599588084,0.309067162,0.599588084,-0.369234279,-0.384857582
0.080708448,0.996737752,-0.291929155,0.599673775,0.308070845,0.599673775,-0.367543951,-0.385594362
0.070737202,0.997494987,-0.29292628,0.599749499,0.30707372,0.599749499,-0.365844434,-0.386327752
0.060758881,0.998152472,-0.293924112,0.599815247,0.306075888,0.599815247,-0.364135772,-0.387057734
0.050774485,0.998710144,-0.294922552,0.599871014,0.305077448,0.599871014,-0.362418005,-0.387784289
0.040785011,0.999167945,-0.295921499,0.599916795,0.304078501,0.599916795,-0.360691179,-0.3885074
0.030791459,0.999525831,-0.296920854,0.599952583,0.303079146,0.599952583,-0.358955335,-0.389227048
0.020794828,0.999783764,-0.297920517,0.599978376,0.302079483,0.599978376,-0.357210517,-0.389943215
0.010796117,0.99994172,-0.298920388,0.599994172,0.301079612,0.599994172,-0.355456769,-0.390655884
0.000796327,0.999999683,-0.299920367,0.599999968,0.300079633,0.599999968,-0.353694135,-0.391365036
-0.009203543,0.999957646,-0.300920354,0.599995765,0.299079646,0.599995765,-0.351922658,-0.392070654
-0.019202493,0.999815615,-0.301920249,0.599981562,0.298079751,0.599981562,-0.350142383,-0.392772721
-0.029199522,0.999573603,-0.302919952,0.59995736,0.297080048,0.59995736,-0.348353355,-0.393471218
-0.039193632,0.999231634,-0.303919363,0.599923163,0.296080637,0.599923163,-0.346555618,-0.394166129
-0.049183822,0.998789743,-0.304918382,0.599878974,0.295081618,0.599878974,-0.344749216,-0.394857435
-0.059169094,0.998247974,-0.305916909,0.599824797,0.294083091,0.599824797,-0.342934197,-0.39554512
-0.069148449,0.997606381,-0.306914845,0.599760638,0.293085155,0.599760638,-0.341110604,-0.396229166
-0.079120889,0.996865028,-0.307912089,0.599686503,0.292087911,0.599686503,-0.339278483,-0.396909556
-0.089085417,0.99602399,-0.308908542,0.599602399,0.291091458,0.599602399,-0.33743788,-0.397586274
-0.099041037,0.99508335,-0.309904104,0.599508335,0.290095896,0.599508335,-0.335588841,-0.398259302
-0.108986752,0.994043202,-0.310898675,0.59940432,0.289101325,0.59940432,-0.333731413,-0.398928624
-0.118921569,0.992903651,-0.311892157,0.599290365,0.288107843,0.599290365,-0.331865641,-0.399594222
-0.128844494,0.99166481,-0.312884449,0.599166481,0.287115551,0.599166481,-0.329991573,-0.400256081
-0.138754535,0.990326804,-0.313875453,0.59903268,0.286124547,0.59903268,-0.328109255,-0.400914183
-0.1486507,0.988889766,-0.31486507,0.598888977,0.28513493,0.598888977,-0.326218734,-0.401568513
-0.158532001,0.98735384,-0.3158532,0.598735384,0.2841468,0.598735384,-0.324320058,-0.402219053
-0.168397448,0.985719179,-0.316839745,0.598571918,0.283160255,0.598571918,-0.322413274,-0.402865787
-0.178246056,0.983985947,-0.317824606,0.598398595,0.282175394,0.598398595,-0.320498429,-0.4035087
-0.188076839,0.982154317,-0.318807684,0.598215432,0.281192316,0.598215432,-0.318575572,-0.404147776
-0.197888815,0.980224473,-0.319788881,0.598022447,0.280211119,0.598022447,-0.316644751,-0.404782997
-0.207681002,0.978196607,-0.3207681,0.597819661,0.2792319,0.597819661,-0.314706013,-0.40541435
-0.217452421,0.976070922,-0.321745242,0.597607092,0.278254758,0.597607092,-0.312759408,-0.406041816
-0.227202095,0.973847631,-0.322720209,0.597384763,0.277279791,0.597384763,-0.310804984,-0.406665382
-0.236929049,0.971526956,-0.323692905,0.597152696,0.276307095,0.597152696,-0.30884279,-0.407285031
-0.24663231,0.969109129,-0.324663231,0.596910913,0.275336769,0.596910913,-0.306872875,-0.407900748
-0.256310908,0.966594392,-0.325631091,0.596659439,0.274368909,0.596659439,-0.304895288,-0.408512517
-0.265963876,0.963982996,-0.326596388,0.5963983,0.273403612,0.5963983,-0.302910078,-0.409120324
-0.275590247,0.961275203,-0.327559025,0.59612752,0.272440975,0.59612752,-0.300917296,-0.409724153
-0.285189059,0.958471283,-0.328518906,0.595847128,0.271481094,0.595847128,-0.298916991,-0.410323988
-0.294759353,0.955571517,-0.329475935,0.595557152,0.270524065,0.595557152,-0.296909213,-0.410919816
-0.304300171,0.952576194,-0.330430017,0.595257619,0.269569983,0.595257619,-0.294894013,-0.41151162
-0.313810559,0.949485615,-0.331381056,0.594948561,0.268618944,0.594948561,-0.29287144,-0.412099387
-0.323289567,0.946300088,-0.332328957,0.594630009,0.267671043,0.594630009,-0.290841545,-0.412683101
-0.332736246,0.943019931,-0.333273625,0.594301993,0.266726375,0.594301993,-0.288804379,-0.413262748
-0.342149651,0.939645474,-0.334214965,0.593964547,0.265785035,0.593964547,-0.286759993,-0.413838314
-0.351528842,0.936177052,-0.335152884,0.593617705,0.264847116,0.593617705,-0.284708438,-0.414409783
-0.36087288,0.932615014,-0.336087288,0.593261501,0.263912712,0.593261501,-0.282649766,-0.414977143
-0.370180831,0.928959715,-0.337018083,0.592895972,0.262981917,0.592895972,-0.280584027,-0.415540378
-0.379451765,0.925211521,-0.337945176,0.592521152,0.262054824,0.592521152,-0.278511273,-0.416099474
-0.388684753,0.921370806,-0.338868475,0.592137081,0.261131525,0.592137081,-0.276431557,-0.416654418
-0.397878874,0.917437955,-0.339787887,0.591743796,0.260212113,0.591743796,-0.27434493,-0.417205196
-0.407033207,0.913413361,-0.340703321,0.591341336,0.259296679,0.591341336,-0.272251445,-0.417751793
-0.416146837,0.909297427,-0.341614684,0.590929743,0.258385316,0.590929743,-0.270151153,-0.418294197
-0.425218852,0.905090563,-0.342521885,0.590509056,0.257478115,0.590509056,-0.268044107,-0.418832393
-0.434248346,0.900793192,-0.343424835,0.590079319,0.256575165,0.590079319,-0.265930361,-0.419366369
-0.443234416,0.896405741,-0.344323442,0.589640574,0.255676558,0.589640574,-0.263809966,-0.41989611
-0.452176162,0.891928651,-0.345217616,0.589192865,0.254782384,0.589192865,-0.261682976,-0.420421604
-0.461072691,0.887362369,-0.346107269,0.588736237,0.253892731,0.588736237,-0.259549443,-0.420942838
-0.469923114,0.882707351,-0.346992311,0.588270735,0.253007689,0.588270735,-0.257409422,-0.421459798
-0.478726544,0.877964063,-0.347872654,0.587796406,0.252127346,0.587796406,-0.255262966,-0.421972471
-0.487482102,0.87313298,-0.34874821,0.587313298,0.25125179,0.587313298,-0.253110129,-0.422480845
-0.496188913,0.868214583,-0.349618891,0.586821458,0.250381109,0.586821458,-0.250950963,-0.422984908
-0.504846105,0.863209367,-0.35048461,0.586320937,0.24951539,0.586320937,-0.248785524,-0.423484645
-0.513452812,0.85811783,-0.351345281,0.585811783,0.248654719,0.585811783,-0.246613865,-0.423980046
-0.522008175,0.852940482,-0.352200818,0.585294048,0.247799182,0.585294048,-0.244436041,-0.424471096
-0.530511338,0.84767784,-0.353051134,0.584767784,0.246948866,0.584767784,-0.242252106,-0.424957786
-0.538961449,0.842330432,-0.353896145,0.584233043,0.246103855,0.584233043,-0.240062115,-0.425440101
-0.547357665,0.836898791,-0.354735767,0.583689879,0.245264233,0.583689879,-0.237866122,-0.42591803
-0.555699146,0.831383461,-0.355569915,0.583138346,0.244430085,0.583138346,-0.235664182,-0.426391561
-0.563985058,0.825784993,-0.356398506,0.582578499,0.243601494,0.582578499,-0.233456351,-0.426860683
-0.572214571,0.820103948,-0.357221457,0.582010395,0.242778543,0.582010395,-0.231242683,-0.427325383
-0.580386863,0.814340892,-0.358038686,0.581434089,0.241961314,0.581434089,-0.229023235,-0.42778565
-0.588501117,0.808496404,-0.358850112,0.58084964,0.241149888,0.58084964,-0.226798061,-0.428241472
-0.596556522,0.802571066,-0.359655652,0.580257107,0.240344348,0.580257107,-0.224567217,-0.428692838
-0.604552271,0.796565472,-0.360455227,0.579656547,0.239544773,0.579656547,-0.222330758,-0.429139737
-0.612487566,0.790480222,-0.361248757,0.579048022,0.238751243,0.579048022,-0.220088742,-0.429582158
-0.620361612,0.784315925,-0.362036161,0.578431593,0.237963839,0.578431593,-0.217841223,-0.430020088
-0.628173623,0.778073197,-0.362817362,0.57780732,0.237182638,0.57780732,-0.215588258,-0.430453519
-0.635922817,0.771752662,-0.363592282,0.577175266,0.236407718,0.577175266,-0.213329904,-0.430882438
-0.643608419,0.765354953,-0.364360842,0.576535495,0.235639158,0.576535495,-0.211066216,-0.431306835
-0.651229661,0.758880708,-0.365122966,0.575888071,0.234877034,0.575888071,-0.208797252,-0.431726699
-0.65878578,0.752330576,-0.365878578,0.575233058,0.234121422,0.575233058,-0.206523068,-0.43214202
-0.666276021,0.745705212,-0.366627602,0.574570521,0.233372398,0.574570521,-0.20424372,-0.432552788
-0.673699636,0.739005278,-0.367369964,0.573900528,0.232630036,0.573900528,-0.201959267,-0.432958992
-0.681055881,0.732231444,-0.368105588,0.573223144,0.231894412,0.573223144,-0.199669765,-0.433360622
-0.68834402,0.725384387,-0.368834402,0.572538439,0.231165598,0.572538439,-0.197375271,-0.433757668
-0.695563326,0.718464793,-0.369556333,0.571846479,0.230443667,0.571846479,-0.195075842,-0.43415012
-0.702713077,0.711473353,-0.370271308,0.571147335,0.229728692,0.571147335,-0.192771537,-0.434537968
-0.709792556,0.704410766,-0.370979256,0.570441077,0.229020744,0.570441077,-0.190462412,-0.434921202
-0.716801057,0.697277738,-0.371680106,0.569727774,0.228319894,0.569727774,-0.188148526,-0.435299814
-0.723737879,0.690074984,-0.372373788,0.569007498,0.227626212,0.569007498,-0.185829936,-0.435673793
-0.730602327,0.682803222,-0.373060233,0.568280322,0.226939767,0.568280322,-0.183506701,-0.436043131
-0.737393716,0.675463181,-0.373739372,0.567546318,0.226260628,0.567546318,-0.181178877,-0.436407817
-0.744111365,0.668055593,-0.374411137,0.566805559,0.225588863,0.566805559,-0.178846525,-0.436767843
-0.750754605,0.660581201,-0.37507546,0.56605812,0.22492454,0.56605812,-0.176509701,-0.4371232
-0.757322769,0.653040752,-0.375732277,0.565304075,0.224267723,0.565304075,-0.174168464,-0.437473879
-0.763815202,0.645434998,-0.37638152,0.5645435,0.22361848,0.5645435,-0.171822873,-0.437819871
-0.770231254,0.637764702,-0.377023125,0.56377647,0.222976875,0.56377647,-0.169472987,-0.438161168
-0.776570284,0.63003063,-0.377657028,0.563003063,0.222342972,0.563003063,-0.167118864,-0.43849776
-0.782831657,0.622233555,-0.378283166,0.562223356,0.221716834,0.562223356,-0.164760562,-0.438829641
-0.789014747,0.614374258,-0.378901475,0.561437426,0.221098525,0.561437426,-0.162398142,-0.4391568
-0.795118937,0.606453523,-0.379511894,0.560645352,0.220488106,0.560645352,-0.160031662,-0.43947923
-0.801143616,0.598472144,-0.380114362,0.559847214,0.219885638,0.559847214,-0.157661181,-0.439796924
-0.80708818,0.590430918,-0.380708818,0.559043092,0.219291182,0.559043092,-0.155286759,-0.440109872
-0.812952037,0.58233065,-0.381295204,0.558233065,0.218704796,0.558233065,-0.152908454,-0.440418068
-0.818734599,0.574172148,-0.38187346,0.557417215,0.21812654,0.557417215,-0.150526327,-0.440721504
-0.824435289,0.56595623,-0.382443529,0.556595623,0.217556471,0.556595623,-0.148140436,-0.441020171
-0.830053535,0.557683717,-0.383005354,0.555768372,0.216994646,0.555768372,-0.145750843,-0.441314063
-0.835588777,0.549355436,-0.383558878,0.554935544,0.216441122,0.554935544,-0.143357605,-0.441603172
-0.841040461,0.54097222,-0.384104046,0.554097222,0.215895954,0.554097222,-0.140960783,-0.441887491
-0.846408041,0.532534908,-0.384640804,0.553253491,0.215359196,0.553253491,-0.138560438,-0.442167013
-0.851690981,0.524044342,-0.385169098,0.552404434,0.214830902,0.552404434,-0.136156628,-0.44244173
-0.856888753,0.515501372,-0.385688875,0.551550137,0.214311125,0.551550137,-0.133749414,-0.442711637
-0.862000837,0.506906852,-0.386200084,0.550690685,0.213799916,0.550690685,-0.131338857,-0.442976726
-0.867026721,0.498261642,-0.386702672,0.549826164,0.213297328,0.549826164,-0.128925016,-0.44323699
-0.871965904,0.489566607,-0.38719659,0.548956661,0.21280341,0.548956661,-0.126507952,-0.443492424
-0.87681789,0.480822615,-0.387681789,0.548082261,0.212318211,0.548082261,-0.124087726,-0.44374302
-0.881582196,0.472030541,-0.38815822,0.547203054,0.21184178,0.547203054,-0.121664397,-0.443988773
-0.886258344,0.463191265,-0.388625834,0.546319126,0.211374166,0.546319126,-0.119238027,-0.444229676
-0.890845867,0.45430567,-0.389084587,0.545430567,0.210915413,0.545430567,-0.116808675,-0.444465723
-0.895344306,0.445374645,-0.389534431,0.544537464,0.210465569,0.544537464,-0.114376404,-0.444696908
-0.899753211,0.436399082,-0.389975321,0.543639908,0.210024679,0.543639908,-0.111941273,-0.444923226
-0.904072142,0.42737988,-0.390407214,0.542737988,0.209592786,0.542737988,-0.109503344,-0.445144672
-0.908300666,0.418317941,-0.390830067,0.541831794,0.209169933,0.541831794,-0.107062677,-0.445361238
-0.912438361,0.40921417,-0.391243836,0.540921417,0.208756164,0.540921417,-0.104619333,-0.44557292
-0.916484813,0.400069478,-0.391648481,0.540006948,0.208351519,0.540006948,-0.102173374,-0.445779714
-0.920439618,0.390884779,-0.392043962,0.539088478,0.207956038,0.539088478,-0.09972486,-0.445981612
-0.924302379,0.381660992,-0.392430238,0.538166099,0.207569762,0.538166099,-0.097273854,-0.446178611
-0.92807271,0.372399039,-0.392807271,0.537239904,0.207192729,0.537239904,-0.094820416,-0.446370706
-0.931750235,0.363099847,-0.393175024,0.536309985,0.206824976,0.536309985,-0.092364607,-0.446557891
-0.935334586,0.353764345,-0.393533459,0.535376435,0.206466541,0.535376435,-0.089906489,-0.446740163
-0.938825404,0.344393467,-0.39388254,0.534439347,0.20611746,0.534439347,-0.087446123,-0.446917516
-0.942222341,0.33498815,-0.394222234,0.533498815,0.205777766,0.533498815,-0.084983571,-0.447089946
-0.945525056,0.325549335,-0.394552506,0.532554933,0.205447494,0.532554933,-0.082518895,-0.447257449
-0.948733219,0.316077964,-0.394873322,0.531607796,0.205126678,0.531607796,-0.080052156,-0.44742002
-0.95184651,0.306574986,-0.395184651,0.530657499,0.204815349,0.530657499,-0.077583415,-0.447577656
-0.954864616,0.297041351,-0.395486462,0.529704135,0.204513538,0.529704135,-0.075112735,-0.447730353
-0.957787238,0.287478012,-0.395778724,0.528747801,0.204221276,0.528747801,-0.072640177,-0.447878106
-0.960614081,0.277885926,-0.396061408,0.527788593,0.203938592,0.527788593,-0.070165803,-0.448020912
-0.963344863,0.268266051,-0.396334486,0.526826605,0.203665514,0.526826605,-0.067689675,-0.448158768
-0.965979312,0.25861935,-0.396597931,0.525861935,0.203402069,0.525861935,-0.065211854,-0.44829167
-0.968517164,0.248946787,-0.396851716,0.524894679,0.203148284,0.524894679,-0.062732404,-0.448419614
-0.970958165,0.239249329,-0.397095817,0.523924933,0.202904183,0.523924933,-0.060251385,-0.448542598
-0.973302071,0.229527947,-0.397330207,0.522952795,0.202669793,0.522952795,-0.057768859,-0.448660619
-0.975548648,0.219783612,-0.397554865,0.521978361,0.202445135,0.521978361,-0.05528489,-0.448773673
-0.97769767,0.210017299,-0.397769767,0.52100173,0.202230233,0.52100173,-0.052799538,-0.448881757
-0.979748924,0.200229985,-0.397974892,0.520022998,0.202025108,0.520022998,-0.050312867,-0.44898487
-0.981702203,0.190422647,-0.39817022,0.519042265,0.20182978,0.519042265,-0.047824937,-0.449083008
-0.983557313,0.180596268,-0.398355731,0.518059627,0.201644269,0.518059627,-0.045335812,-0.449176169
-0.985314068,0.170751829,-0.398531407,0.517075183,0.201468593,0.517075183,-0.042845554,-0.44926435
-0.986972293,0.160890315,-0.398697229,0.516089031,0.201302771,0.516089031,-0.040354224,-0.44934755
-0.988531821,0.151012712,-0.398853182,0.515101271,0.201146818,0.515101271,-0.037861886,-0.449425767
-0.989992497,0.141120008,-0.39899925,0.514112001,0.20100075,0.514112001,-0.035368601,-0.449498997
-0.991354174,0.131213192,-0.399135417,0.513121319,0.200864583,0.513121319,-0.032874432,-0.44956724
-0.992616717,0.121293255,-0.399261672,0.512129326,0.200738328,0.512129326,-0.030379441,-0.449630494
-0.993779999,0.111361189,-0.399378,0.511136119,0.200622,0.511136119,-0.02788369,-0.449688758
-0.994843903,0.101417986,-0.39948439,0.510141799,0.20051561,0.510141799,-0.025387242,-0.449742029
-0.995808325,0.091464642,-0.399580832,0.509146464,0.200419168,0.509146464,-0.02289016,-0.449790306
-0.996673166,0.081502152,-0.399667317,0.508150215,0.200332683,0.508150215,-0.020392506,-0.449833589
-0.99743834,0.071531511,-0.399743834,0.507153151,0.200256166,0.507153151,-0.017894341,-0.449871876
-0.998103772,0.061553717,-0.399810377,0.506155372,0.200189623,0.506155372,-0.01539573,-0.449905166
-0.998669394,0.051569768,-0.399866939,0.505156977,0.200133061,0.505156977,-0.012896733,-0.449933459
-0.99913515,0.041580662,-0.399913515,0.504158066,0.200086485,0.504158066,-0.010397414,-0.449956753
-0.999500994,0.031587398,-0.399950099,0.50315874,0.200049901,0.50315874,-0.007897835,-0.449975048
-0.999766888,0.021590976,-0.399976689,0.502159098,0.200023311,0.502159098,-0.005398059,-0.449988344
-0.999932806,0.011592394,-0.399993281,0.501159239,0.200006719,0.501159239,-0.002898147,-0.44999664
-0.999998732,0.001592653,-0.399999873,0.500159265,0.200000127,0.500159265,-0.000398163,-0.449999937
-0.999964658,-0.008407247,-0.399996466,0.499159275,0.200003534,0.499159275,0.00210183,-0.449998233
-0.99983059,-0.018406307,-0.399983059,0.498159369,0.200016941,0.498159369,0.004601772,-0.449991529
-0.999596538,-0.028403526,-0.399959654,0.497159647,0.200040346,0.497159647,0.007101598,-0.449979826
-0.999262529,-0.038397905,-0.399926253,0.49616021,0.200073747,0.49616021,0.009601246,-0.449963123
-0.998828593,-0.048388443,-0.399882859,0.495161156,0.200117141,0.495161156,0.012100655,-0.449941421
-0.998294776,-0.058374143,-0.399829478,0.494162586,0.200170522,0.494162586,0.014599761,-0.449914721
-0.99766113,-0.068354006,-0.399766113,0.493164599,0.200233887,0.493164599,0.017098502,-0.449883022
-0.996927718,-0.078327033,-0.399692772,0.492167297,0.200307228,0.492167297,0.019596816,-0.449846327
-0.996094615,-0.088292228,-0.399609462,0.491170777,0.200390538,0.491170777,0.02209464,-0.449804635
-0.995161903,-0.098248594,-0.39951619,0.490175141,0.20048381,0.490175141,0.024591911,-0.449757949
-0.994129676,-0.108195135,-0.399412968,0.489180487,0.200587032,0.489180487,0.027088568,-0.449706268
-0.992998037,-0.118130856,-0.399299804,0.488186914,0.200700196,0.488186914,0.029584547,-0.449649595
-0.991767098,-0.128054764,-0.39917671,0.487194524,0.20082329,0.487194524,0.032079787,-0.44958793
-0.990436984,-0.137965867,-0.399043698,0.486203413,0.200956302,0.486203413,0.034574224,-0.449521276
-0.989007827,-0.147863174,-0.398900783,0.485213683,0.201099217,0.485213683,0.037067798,-0.449449634
-0.98747977,-0.157745694,-0.398747977,0.484225431,0.201252023,0.484225431,0.039560444,-0.449373006
-0.985852966,-0.16761244,-0.398585297,0.483238756,0.201414703,0.483238756,0.042052102,-0.449291393
-0.984127577,-0.177462425,-0.398412758,0.482253758,0.201587242,0.482253758,0.044542708,-0.449204798
-0.982303776,-0.187294664,-0.398230378,0.481270534,0.201769622,0.481270534,0.047032201,-0.449113223
-0.980381746,-0.197108173,-0.398038175,0.480289183,0.201961825,0.480289183,0.049520518,-0.44901667
-0.978361679,-0.206901972,-0.397836168,0.479309803,0.202163832,0.479309803,0.052007597,-0.448915142
-0.976243776,-0.21667508,-0.397624378,0.478332492,0.202375622,0.478332492,0.054493376,-0.44880864
-0.974028249,-0.226426522,-0.397402825,0.477357348,0.202597175,0.477357348,0.056977793,-0.448697169
-0.971715321,-0.236155321,-0.397171532,0.476384468,0.202828468,0.476384468,0.059460785,-0.44858073
-0.969305222,-0.245860504,-0.396930522,0.47541395,0.203069478,0.47541395,0.06194229,-0.448459327
-0.966798193,-0.255541102,-0.396679819,0.47444589,0.203320181,0.47444589,0.064422247,-0.448332962
-0.964194485,-0.265196146,-0.396419448,0.473480385,0.203580552,0.473480385,0.066900594,-0.448201639
-0.961494358,-0.27482467,-0.396149436,0.472517533,0.203850564,0.472517533,0.069377267,-0.448065361
-0.958698083,-0.284425713,-0.395869808,0.471557429,0.204130192,0.471557429,0.071852207,-0.447924131
-0.955805939,-0.293998312,-0.395580594,0.470600169,0.204419406,0.470600169,0.07432535,-0.447777953
-0.952818215,-0.303541513,-0.395281821,0.469645849,0.204718179,0.469645849,0.076796635,-0.447626831
-0.94973521,-0.313054359,-0.394973521,0.468694564,0.205026479,0.468694564,0.079266,-0.447470768
-0.946557232,-0.3225359,-0.394655723,0.46774641,0.205344277,0.46774641,0.081733384,-0.447309768
-0.943284599,-0.331985188,-0.39432846,0.466801481,0.20567154,0.466801481,0.084198724,-0.447143836
-0.939917639,-0.341401278,-0.393991764,0.465859872,0.206008236,0.465859872,0.086661959,-0.446972975
-0.936456687,-0.350783228,-0.393645669,0.464921677,0.206354331,0.464921677,0.089123028,-0.446797189
-0.932902091,-0.360130099,-0.393290209,0.46398699,0.206709791,0.46398699,0.091581868,-0.446616484
-0.929254205,-0.369440959,-0.392925421,0.463055904,0.207074579,0.463055904,0.094038419,-0.446430863
-0.925513395,-0.378714874,-0.39255134,0.462128513,0.20744866,0.462128513,0.09649262,-0.446240332
-0.921680034,-0.387950918,-0.392168003,0.461204908,0.207831997,0.461204908,0.098944407,-0.446044895
-0.917754506,-0.397148167,-0.391775451,0.460285183,0.208224549,0.460285183,0.101393721,-0.445844556
-0.913737203,-0.406305702,-0.39137372,0.45936943,0.20862628,0.45936943,0.103840501,-0.445639321
-0.909628527,-0.415422607,-0.390962853,0.458457739,0.209037147,0.458457739,0.106284684,-0.445429196
-0.905428889,-0.424497969,-0.390542889,0.457550203,0.209457111,0.457550203,0.10872621,-0.445214184
-0.901138709,-0.433530883,-0.390113871,0.456646912,0.209886129,0.456646912,0.111165018,-0.444994293
-0.896758416,-0.442520443,-0.389675842,0.455747956,0.210324158,0.455747956,0.113601047,-0.444769526
-0.892288448,-0.451465752,-0.389228845,0.454853425,0.210771155,0.454853425,0.116034236,-0.44453989
-0.887729252,-0.460365915,-0.388772925,0.453963409,0.211227075,0.453963409,0.118464524,-0.444305391
-0.883081283,-0.469220041,-0.388308128,0.453077996,0.211691872,0.453077996,0.120891851,-0.444066034
-0.878345007,-0.478027246,-0.387834501,0.452197275,0.212165499,0.452197275,0.123316155,-0.443821826
-0.873520898,-0.486786649,-0.38735209,0.451321335,0.21264791,0.451321335,0.125737376,-0.443572772
-0.868609437,-0.495497373,-0.386860944,0.450450263,0.213139056,0.450450263,0.128155454,-0.443318878
-0.863611115,-0.504158548,-0.386361112,0.449584145,0.213638888,0.449584145,0.130570328,-0.443060152
-0.858526434,-0.512769307,-0.385852643,0.448723069,0.214147357,0.448723069,0.132981938,-0.442796599
-0.8533559,-0.52132879,-0.38533559,0.447867121,0.21466441,0.447867121,0.135390223,-0.442528227
-0.848100032,-0.529836141,-0.384810003,0.447016386,0.215189997,0.447016386,0.137795123,-0.442255041
-0.842759354,-0.538290508,-0.384275935,0.446170949,0.215724065,0.446170949,0.140196579,-0.441977048
-0.837334401,-0.546691047,-0.38373344,0.445330895,0.21626656,0.445330895,0.14259453,-0.441694257
-0.831825715,-0.555036917,-0.383182572,0.444496308,0.216817428,0.444496308,0.144988915,-0.441406673
-0.826233848,-0.563327284,-0.382623385,0.443667272,0.217376615,0.443667272,0.147379676,-0.441114303
-0.820559357,-0.571561319,-0.382055936,0.442843868,0.217944064,0.442843868,0.149766753,-0.440817156
-0.814802812,-0.579738198,-0.381480281,0.44202618,0.218519719,0.44202618,0.152150086,-0.440515239
-0.808964787,-0.587857103,-0.380896479,0.44121429,0.219103521,0.44121429,0.154529614,-0.440208559
-0.803045866,-0.595917224,-0.380304587,0.440408278,0.219695413,0.440408278,0.15690528,-0.439897123
-0.797046641,-0.603917753,-0.379704664,0.439608225,0.220295336,0.439608225,0.159277023,-0.43958094
-0.790967712,-0.611857891,-0.379096771,0.438814211,0.220903229,0.438814211,0.161644783,-0.439260018
-0.784809687,-0.619736844,-0.378480969,0.438026316,0.221519031,0.438026316,0.164008503,-0.438934364
-0.778573182,-0.627553823,-0.377857318,0.437244618,0.222142682,0.437244618,0.166368123,-0.438603986
-0.77225882,-0.635308048,-0.377225882,0.436469195,0.222774118,0.436469195,0.168723583,-0.438268894
-0.765867232,-0.642998742,-0.376586723,0.435700126,0.223413277,0.435700126,0.171074826,-0.437929095
-0.759399059,-0.650625137,-0.375939906,0.434937486,0.224060094,0.434937486,0.173421791,-0.437584597
-0.752854947,-0.65818647,-0.375285495,0.434181353,0.224714505,0.434181353,0.175764421,-0.43723541
-0.746235549,-0.665681985,-0.374623555,0.433431801,0.225376445,0.433431801,0.178102657,-0.436881543
-0.739541529,-0.673110932,-0.373954153,0.432688907,0.226045847,0.432688907,0.18043644,-0.436523003
-0.732773555,-0.680472569,-0.373277355,0.431952743,0.226722645,0.431952743,0.182765712,-0.4361598
-0.725932304,-0.687766159,-0.37259323,0.431223384,0.22740677,0.431223384,0.185090416,-0.435791943
-0.719018461,-0.694990973,-0.371901846,0.430500903,0.228098154,0.430500903,0.187410492,-0.435419441
-0.712032716,-0.702146289,-0.371203272,0.429785371,0.228796728,0.429785371,0.189725882,-0.435042304
-0.704975769,-0.70923139,-0.370497577,0.429076861,0.229502423,0.429076861,0.19203653,-0.434660541
-0.697848325,-0.716245569,-0.369784833,0.428375443,0.230215167,0.428375443,0.194342377,-0.434274161
-0.690651097,-0.723188124,-0.36906511,0.427681188,0.23093489,0.427681188,0.196643365,-0.433883175
-0.683384804,-0.730058361,-0.36833848,0.426994164,0.23166152,0.426994164,0.198939437,-0.433487591
-0.676050173,-0.736855592,-0.367605017,0.426314441,0.232394983,0.426314441,0.201230535,-0.43308742
-0.668647937,-0.743579139,-0.366864794,0.425642086,0.233135206,0.425642086,0.203516603,-0.432682672
-0.661178838,-0.750228328,-0.366117884,0.424977167,0.233882116,0.424977167,0.205797583,-0.432273357
-0.653643621,-0.756802495,-0.365364362,0.42431975,0.234635638,0.42431975,0.208073418,-0.431859485
-0.64604304,-0.763300983,-0.364604304,0.423669902,0.235395696,0.423669902,0.210344051,-0.431441067
-0.638377856,-0.769723141,-0.363837786,0.423027686,0.236162214,0.423027686,0.212609426,-0.431018113
-0.630648834,-0.776068327,-0.363064883,0.422393167,0.236935117,0.422393167,0.214869485,-0.430590633
-0.622856748,-0.782335907,-0.362285675,0.421766409,0.237714325,0.421766409,0.217124173,-0.430158638
-0.615002377,-0.788525254,-0.361500238,0.421147475,0.238499762,0.421147475,0.219373433,-0.42972214
-0.607086506,-0.79463575,-0.360708651,0.420536425,0.239291349,0.420536425,0.221617208,-0.429281148
-0.599109926,-0.800666782,-0.359910993,0.419933322,0.240089007,0.419933322,0.223855443,-0.428835675
-0.591073437,-0.806617749,-0.359107344,0.419338225,0.240892656,0.419338225,0.226088081,-0.42838573
-0.58297784,-0.812488054,-0.358297784,0.418751195,0.241702216,0.418751195,0.228315067,-0.427931326
-0.574823947,-0.818277111,-0.357482395,0.418172289,0.242517605,0.418172289,0.230536346,-0.427472474
-0.566612571,-0.823984341,-0.356661257,0.417601566,0.243338743,0.417601566,0.232751861,-0.427009185
-0.558344534,-0.829609174,-0.355834453,0.417039083,0.244165547,0.417039083,0.234961557,-0.42654147
-0.550020664,-0.835151046,-0.355002066,0.416484895,0.244997934,0.416484895,0.237165379,-0.426069342
-0.541641792,-0.840609404,-0.354164179,0.41593906,0.245835821,0.41593906,0.239363272,-0.425592813
-0.533208756,-0.845983701,-0.353320876,0.41540163,0.246679124,0.41540163,0.241555181,-0.425111893
-0.5247224,-0.851273401,-0.35247224,0.41487266,0.24752776,0.41487266,0.243741051,-0.424626596
-0.516183572,-0.856477974,-0.351618357,0.414352203,0.248381643,0.414352203,0.245920828,-0.424136933
-0.507593126,-0.8615969,-0.350759313,0.41384031,0.249240687,0.41384031,0.248094456,-0.423642917
-0.498951921,-0.866629667,-0.349895192,0.413337033,0.250104808,0.413337033,0.250261883,-0.423144559
-0.490260821,-0.871575772,-0.349026082,0.412842423,0.250973918,0.412842423,0.252423052,-0.422641873
-0.481520696,-0.87643472,-0.34815207,0.412356528,0.25184793,0.412356528,0.254577911,-0.422134871
-0.472732419,-0.881206026,-0.347273242,0.411879397,0.252726758,0.411879397,0.256726406,-0.421623566
-0.463896869,-0.885889211,-0.346389687,0.411411079,0.253610313,0.411411079,0.258868483,-0.42110797
-0.45501493,-0.890483809,-0.345501493,0.410951619,0.254498507,0.410951619,0.261004088,-0.420588096
-0.44608749,-0.894989358,-0.344608749,0.410501064,0.255391251,0.410501064,0.263133167,-0.420063958
-0.437115441,-0.89940541,-0.343711544,0.410059459,0.256288456,0.410059459,0.265255669,-0.419535568
-0.428099682,-0.903731521,-0.342809968,0.409626848,0.257190032,0.409626848,0.267371539,-0.41900294
-0.419041112,-0.907967261,-0.341904111,0.409203274,0.258095889,0.409203274,0.269480725,-0.418466086
-0.409940639,-0.912112204,-0.340994064,0.40878878,0.259005936,0.40878878,0.271583174,-0.417925021
-0.400799172,-0.916165937,-0.340079917,0.408383406,0.259920083,0.408383406,0.273678833,-0.417379758
-0.391617626,-0.920128054,-0.339161763,0.407987195,0.260838237,0.407987195,0.27576765,-0.416830311
-0.382396918,-0.923998159,-0.338239692,0.407600184,0.261760308,0.407600184,0.277849573,-0.416276692
-0.37313797,-0.927775865,-0.337313797,0.407222414,0.262686203,0.407222414,0.27992455,-0.415718917
-0.36384171,-0.931460794,-0.336384171,0.406853921,0.263615829,0.406853921,0.281992529,-0.415156999
-0.354509065,-0.935052578,-0.335450907,0.406494742,0.264549093,0.406494742,0.284053458,-0.414590951
-0.34514097,-0.938550857,-0.334514097,0.406144914,0.265485903,0.406144914,0.286107285,-0.41402079
-0.335738361,-0.941955282,-0.333573836,0.405804472,0.266426164,0.405804472,0.28815396,-0.413446527
-0.326302178,-0.945265512,-0.332630218,0.405473449,0.267369782,0.405473449,0.290193432,-0.412868178
-0.316833366,-0.948481217,-0.331683337,0.405151878,0.268316663,0.405151878,0.292225648,-0.412285758
-0.30733287,-0.951602074,-0.330733287,0.404839793,0.269266713,0.404839793,0.294250559,-0.411699281
-0.297801641,-0.954627772,-0.329780164,0.404537223,0.270219836,0.404537223,0.296268113,-0.411108761
-0.288240633,-0.957558007,-0.328824063,0.404244199,0.271175937,0.404244199,0.298278261,-0.410514213
-0.2786508,-0.960392488,-0.32786508,0.403960751,0.27213492,0.403960751,0.300280952,-0.409915653
-0.269033103,-0.963130931,-0.32690331,0.403686907,0.27309669,0.403686907,0.302276136,-0.409313094
-0.259388503,-0.965773061,-0.32593885,0.403422694,0.27406115,0.403422694,0.304263762,-0.408706553
-0.249717964,-0.968318614,-0.324971796,0.403168139,0.275028204,0.403168139,0.306243783,-0.408096044
-0.240022453,-0.970767337,-0.324002245,0.402923266,0.275997755,0.402923266,0.308216147,-0.407481583
-0.230302941,-0.973118983,-0.323030294,0.402688102,0.276969706,0.402688102,0.310180806,-0.406863185
-0.220560398,-0.975373319,-0.32205604,0.402462668,0.27794396,0.402462668,0.31213771,-0.406240865
-0.210795799,-0.977530118,-0.32107958,0.402246988,0.27892042,0.402246988,0.314086811,-0.405614639
-0.201010121,-0.979589164,-0.320101012,0.402041084,0.279898988,0.402041084,0.31602806,-0.404984523
-0.191204343,-0.981550253,-0.319120434,0.401844975,0.280879566,0.401844975,0.317961408,-0.404350532
-0.181379444,-0.983413188,-0.318137944,0.401658681,0.281862056,0.401658681,0.319886807,-0.403712683
-0.171536407,-0.985177782,-0.317153641,0.401482222,0.282846359,0.401482222,0.321804209,-0.403070991
-0.161676216,-0.986843859,-0.316167622,0.401315614,0.283832378,0.401315614,0.323713566,-0.402425471
-0.151799858,-0.988411252,-0.315179986,0.401158875,0.284820014,0.401158875,0.32561483,-0.401776142
-0.141908321,-0.989879805,-0.314190832,0.401012019,0.285809168,0.401012019,0.327507954,-0.401123017
-0.132002592,-0.991249371,-0.313200259,0.400875063,0.286799741,0.400875063,0.32939289,-0.400466115
-0.122083664,-0.992519813,-0.312208366,0.400748019,0.287791634,0.400748019,0.331269591,-0.399805451
-0.112152527,-0.993691004,-0.311215253,0.4006309,0.288784747,0.4006309,0.333138011,-0.399141042
-0.102210175,-0.994762826,-0.310221017,0.400523717,0.289778983,0.400523717,0.334998102,-0.398472905
-0.092257602,-0.995735173,-0.30922576,0.400426483,0.29077424,0.400426483,0.336849818,-0.397801056
-0.082295803,-0.996607947,-0.30822958,0.400339205,0.29177042,0.400339205,0.338693113,-0.397125511
-0.072325775,-0.997381062,-0.307232578,0.400261894,0.292767422,0.400261894,0.34052794,-0.396446289
-0.062348515,-0.998054439,-0.306234851,0.400194556,0.293765149,0.400194556,0.342354255,-0.395763405
-0.052365019,-0.998628011,-0.305236502,0.400137199,0.294763498,0.400137199,0.34417201,-0.395076877
-0.042376287,-0.999101722,-0.304237629,0.400089828,0.295762371,0.400089828,0.345981161,-0.394386723
-0.032383318,-0.999475523,-0.303238332,0.400052448,0.296761668,0.400052448,0.347781663,-0.393692959
-0.02238711,-0.999749377,-0.302238711,0.400025062,0.297761289,0.400025062,0.34957347,-0.392995602
-0.012388663,-0.999923258,-0.301238866,0.400007674,0.298761134,0.400007674,0.351356538,-0.392294671
-0.002388978,-0.999997146,-0.300238898,0.400000285,0.299761102,0.400000285,0.353130822,-0.391590182
0.007610946,-0.999971036,-0.299238905,0.400002896,0.300761095,0.400002896,0.354896278,-0.390882153
0.017610109,-0.99984493,-0.298238989,0.400015507,0.301761011,0.400015507,0.356652862,-0.390170603
0.027607511,-0.99961884,-0.297239249,0.400038116,0.302760751,0.400038116,0.358400529,-0.389455548
0.037602153,-0.999292789,-0.296239785,0.400070721,0.303760215,0.400070721,0.360139236,-0.388737006
0.047593034,-0.998866809,-0.295240697,0.400113319,0.304759303,0.400113319,0.361868939,-0.388014997
0.057579156,-0.998340944,-0.294242084,0.400165906,0.305757916,0.400165906,0.363589596,-0.387289537
0.06755952,-0.997715246,-0.293244048,0.400228475,0.306755952,0.400228475,0.365301163,-0.386560644
0.077533128,-0.996989776,-0.292246687,0.400301022,0.307753313,0.400301022,0.367003598,-0.385828338
0.087498983,-0.996164609,-0.291250102,0.400383539,0.308749898,0.400383539,0.368696858,-0.385092636
0.097456089,-0.995239826,-0.290254391,0.400476017,0.309745609,0.400476017,0.3703809,-0.384353557
0.107403448,-0.99421552,-0.289259655,0.400578448,0.310740345,0.400578448,0.372055683,-0.383611119
0.117340068,-0.993091793,-0.288265993,0.400690821,0.311734007,0.400690821,0.373721164,-0.38286534
0.127264953,-0.991868757,-0.287273505,0.400813124,0.312726495,0.400813124,0.375377302,-0.38211624
0.137177112,-0.990546536,-0.286282289,0.400945346,0.313717711,0.400945346,0.377024056,-0.381363837
0.147075554,-0.989125261,-0.285292445,0.401087474,0.314707555,0.401087474,0.378661385,-0.38060815
0.156959288,-0.987605074,-0.284304071,0.401239493,0.315695929,0.401239493,0.380289246,-0.379849198
0.166827326,-0.985986127,-0.283317267,0.401401387,0.316682733,0.401401387,0.381907601,-0.379087
0.176678681,-0.984268583,-0.282332132,0.401573142,0.317667868,0.401573142,0.383516408,-0.378321574
0.186512369,-0.982452613,-0.281348763,0.401754739,0.318651237,0.401754739,0.385115627,-0.37755294
0.196327406,-0.980538398,-0.280367259,0.40194616,0.319632741,0.40194616,0.386705218,-0.376781118
0.206122811,-0.97852613,-0.279387719,0.402147387,0.320612281,0.402147387,0.388285142,-0.376006126
0.215897603,-0.97641601,-0.27841024,0.402358399,0.32158976,0.402358399,0.389855358,-0.375227984
0.225650805,-0.97420825,-0.277434919,0.402579175,0.322565081,0.402579175,0.391415828,-0.374446711
0.235381443,-0.971903069,-0.276461856,0.402809693,0.323538144,0.402809693,0.392966513,-0.373662327
0.245088543,-0.969500699,-0.275491146,0.40304993,0.324508854,0.40304993,0.394507374,-0.372874852
0.254771134,-0.96700138,-0.274522887,0.403299862,0.325477113,0.403299862,0.396038372,-0.372084304
0.264428248,-0.964405362,-0.273557175,0.403559464,0.326442825,0.403559464,0.397559469,-0.371290705
0.27405892,-0.961712903,-0.272594108,0.40382871,0.327405892,0.40382871,0.399070627,-0.370494073
0.283662185,-0.958924275,-0.271633781,0.404107573,0.328366219,0.404107573,0.400571808,-0.369694429
0.293237085,-0.956039754,-0.270676291,0.404396025,0.329323709,0.404396025,0.402062975,-0.368891792
0.302782662,-0.953059631,-0.269721734,0.404694037,0.330278266,0.404694037,0.40354409,-0.368086184
0.31229796,-0.949984202,-0.268770204,0.40500158,0.331229796,0.40500158,0.405015117,-0.367277623
0.321782029,-0.946813776,-0.267821797,0.405318622,0.332178203,0.405318622,0.406476019,-0.36646613
0.33123392,-0.943548669,-0.266876608,0.405645133,0.333123392,0.405645133,0.407926758,-0.365651725
0.340652688,-0.940189208,-0.265934731,0.405981079,0.334065269,0.405981079,0.4093673,-0.36483443
0.350037391,-0.936735728,-0.264996261,0.406326427,0.335003739,0.406326427,0.410797607,-0.364014263
0.35938709,-0.933188576,-0.264061291,0.406681142,0.335938709,0.406681142,0.412217644,-0.363191246
0.368700851,-0.929548106,-0.263129915,0.407045189,0.336870085,0.407045189,0.413627376,-0.362365399
0.377977743,-0.925814682,-0.262202226,0.407418532,0.337797774,0.407418532,0.415026768,-0.361536743
0.387216837,-0.921988678,-0.261278316,0.407801132,0.338721684,0.407801132,0.416415783,-0.360705299
0.396417209,-0.918070475,-0.260358279,0.408192953,0.339641721,0.408192953,0.417794389,-0.359871087
0.40557794,-0.914060466,-0.259442206,0.408593953,0.340557794,0.408593953,0.419162549,-0.359034129
0.414698114,-0.909959051,-0.258530189,0.409004095,0.341469811,0.409004095,0.42052023,-0.358194444
0.423776818,-0.905766641,-0.257622318,0.409423336,0.342377682,0.409423336,0.421867399,-0.357352055
0.432813144,-0.901483656,-0.256718686,0.409851634,0.343281314,0.409851634,0.423204021,-0.356506982
0.44180619,-0.897110523,-0.255819381,0.410288948,0.344180619,0.410288948,0.424530062,-0.355659246
0.450755056,-0.892647679,-0.254924494,0.410735232,0.345075506,0.410735232,0.425845491,-0.354808868
0.459658846,-0.888095572,-0.254034115,0.411190443,0.345965885,0.411190443,0.427150273,-0.353955871
0.468516671,-0.883454656,-0.253148333,0.411654534,0.346851667,0.411654534,0.428444377,-0.353100274
0.477327645,-0.878725395,-0.252267236,0.412127461,0.347732764,0.412127461,0.429727769,-0.3522421
0.486090886,-0.873908262,-0.251390911,0.412609174,0.348609089,0.412609174,0.431000419,-0.35138137
0.494805519,-0.869003739,-0.250519448,0.413099626,0.349480552,0.413099626,0.432262293,-0.350518106
0.503470671,-0.864012316,-0.249652933,0.413598768,0.350347067,0.413598768,0.433513361,-0.349652328
0.512085477,-0.858934493,-0.248791452,0.414106551,0.351208548,0.414106551,0.434753591,-0.34878406
0.520649075,-0.853770778,-0.247935093,0.414622922,0.352064907,0.414622922,0.435982952,-0.347913321
0.529160608,-0.848521685,-0.247083939,0.415147831,0.352916061,0.415147831,0.437201414,-0.347040135
0.537619226,-0.843187742,-0.246238077,0.415681226,0.353761923,0.415681226,0.438408945,-0.346164523
0.546024082,-0.83776948,-0.245397592,0.416223052,0.354602408,0.416223052,0.439605517,-0.345286507
0.554374336,-0.832267442,-0.244562566,0.416773256,0.355437434,0.416773256,0.440791098,-0.344406108
0.562669153,-0.826682178,-0.243733085,0.417331782,0.356266915,0.417331782,0.441965659,-0.34352335
0.570907704,-0.821014247,-0.24290923,0.417898575,0.35709077,0.417898575,0.443129172,-0.342638253
0.579089165,-0.815264214,-0.242091084,0.418473579,0.357908916,0.418473579,0.444281606,-0.34175084
0.587212717,-0.809432656,-0.241278728,0.419056734,0.358721272,0.419056734,0.445422933,-0.340861134
0.595277548,-0.803520156,-0.240472245,0.419647984,0.359527755,0.419647984,0.446553125,-0.339969156
0.603282852,-0.797527304,-0.239671715,0.42024727,0.360328285,0.42024727,0.447672153,-0.339074929
0.611227828,-0.7914547,-0.238877217,0.42085453,0.361122783,0.42085453,0.448779989,-0.338178475
0.619111682,-0.785302951,-0.238088832,0.421469705,0.361911168,0.421469705,0.449876606,-0.337279816
0.626933625,-0.779072673,-0.237306637,0.422092733,0.362693363,0.422092733,0.450961975,-0.336378976
0.634692876,-0.772764488,-0.236530712,0.422723551,0.363469288,0.422723551,0.452036071,-0.335475976
0.642388658,-0.766379027,-0.235761134,0.423362097,0.364238866,0.423362097,0.453098866,-0.334570839
0.650020201,-0.759916929,-0.23499798,0.424008307,0.36500202,0.424008307,0.454150333,-0.333663588
0.657586743,-0.753378839,-0.234241326,0.424662116,0.365758674,0.424662116,0.455190447,-0.332754245
0.665087527,-0.746765413,-0.233491247,0.425323459,0.366508753,0.425323459,0.456219181,-0.331842834
0.672521802,-0.74007731,-0.23274782,0.425992269,0.36725218,0.425992269,0.457236509,-0.330929376
0.679888826,-0.733315201,-0.232011117,0.42666848,0.367988883,0.42666848,0.458242407,-0.330013896
0.687187862,-0.726479761,-0.231281214,0.427352024,0.368718786,0.427352024,0.459236848,-0.329096414
0.694418179,-0.719571673,-0.230558182,0.428042833,0.369441818,0.428042833,0.460219809,-0.328176956
0.701579055,-0.712591628,-0.229842094,0.428740837,0.370157906,0.428740837,0.461191264,-0.327255543
0.708669774,-0.705540326,-0.229133023,0.429445967,0.370866977,0.429445967,0.462151189,-0.326332198
0.715689627,-0.698418469,-0.228431037,0.430158153,0.371568963,0.430158153,0.463099561,-0.325406946
0.722637911,-0.691226772,-0.227736209,0.430877323,0.372263791,0.430877323,0.464036355,-0.324479808
0.729513932,-0.683965952,-0.227048607,0.431603405,0.372951393,0.431603405,0.464961548,-0.323550808
0.736317002,-0.676636736,-0.2263683,0.432336326,0.3736317,0.432336326,0.465875118,-0.322619969
0.743046441,-0.669239857,-0.225695356,0.433076014,0.374304644,0.433076014,0.46677704,-0.321687315
0.749701576,-0.661776055,-0.225029842,0.433822395,0.374970158,0.433822395,0.467667293,-0.320752869
0.756281741,-0.654246076,-0.224371826,0.434575392,0.375628174,0.434575392,0.468545854,-0.319816654
0.762786279,-0.646650672,-0.223721372,0.435334933,0.376278628,0.435334933,0.469412702,-0.318878693
0.769214539,-0.638990604,-0.223078546,0.43610094,0.376921454,0.43610094,0.470267815,-0.317939011
0.775565879,-0.631266638,-0.222443412,0.436873336,0.377556588,0.436873336,0.47111117,-0.31699763
0.781839662,-0.623479545,-0.221816034,0.437652045,0.378183966,0.437652045,0.471942748,-0.316054574
0.788035262,-0.615630105,-0.221196474,0.438436989,0.378803526,0.438436989,0.472762528,-0.315109867
0.794152059,-0.607719103,-0.220584794,0.43922809,0.379415206,0.43922809,0.473570488,-0.314163532
0.800189441,-0.599747329,-0.219981056,0.440025267,0.380018944,0.440025267,0.474366609,-0.313215593
0.806146805,-0.591715581,-0.219385319,0.440828442,0.380614681,0.440828442,0.475150871,-0.312266073
0.812023555,-0.583624661,-0.218797644,0.441637534,0.381202356,0.441637534,0.475923255,-0.311314997
0.817819104,-0.57547538,-0.21821809,0.442452462,0.38178191,0.442452462,0.47668374,-0.310362388
0.823532871,-0.567268552,-0.217646713,0.443273145,0.382353287,0.443273145,0.477432308,-0.30940827
0.829164286,-0.559004997,-0.217083571,0.4440995,0.382916429,0.4440995,0.478168941,-0.308452667
0.834712785,-0.550685543,-0.216528722,0.444931446,0.383471278,0.444931446,0.478893619,-0.307495602
0.840177813,-0.54231102,-0.215982219,0.445768898,0.384017781,0.445768898,0.479606325,-0.306537101
0.845558824,-0.533882266,-0.215444118,0.446611773,0.384555882,0.446611773,0.48030704,-0.305577185
0.850855281,-0.525400125,-0.214914472,0.447459987,0.385085528,0.447459987,0.480995748,-0.30461588
0.856066652,-0.516865444,-0.214393335,0.448313456,0.385606665,0.448313456,0.481672432,-0.30365321
0.861192417,-0.508279077,-0.213880758,0.449172092,0.386119242,0.449172092,0.482337073,-0.302689199
0.866232064,-0.499641883,-0.213376794,0.450035812,0.386623206,0.450035812,0.482989656,-0.30172387
0.871185088,-0.490954725,-0.212881491,0.450904528,0.387118509,0.450904528,0.483630165,-0.300757248
0.876050995,-0.482218472,-0.212394901,0.451778153,0.387605099,0.451778153,0.484258582,-0.299789357
0.880829297,-0.473433997,-0.21191707,0.4526566,0.38808293,0.4526566,0.484874893,-0.298820222
0.885519517,-0.464602179,-0.211448048,0.453539782,0.388551952,0.453539782,0.485479083,-0.297849866
0.890121186,-0.455723902,-0.210987881,0.45442761,0.389012119,0.45442761,0.486071135,-0.296878314
0.894633843,-0.446800052,-0.210536616,0.455319995,0.389463384,0.455319995,0.486651036,-0.295905589
0.899057038,-0.437831523,-0.210094296,0.456216848,0.389905704,0.456216848,0.48721877,-0.294931718
0.903390328,-0.428819211,-0.209660967,0.457118079,0.390339033,0.457118079,0.487774324,-0.293956722
0.907633279,-0.419764018,-0.209236672,0.458023598,0.390763328,0.458023598,0.488317683,-0.292980628
0.911785468,-0.410666848,-0.208821453,0.458933315,0.391178547,0.458933315,0.488848835,-0.29200346
0.915846479,-0.401528612,-0.208415352,0.459847139,0.391584648,0.459847139,0.489367765,-0.291025241
0.919815906,-0.392350224,-0.208018409,0.460764978,0.391981591,0.460764978,0.489874462,-0.290045997
0.923693353,-0.383132601,-0.207630665,0.46168674,0.392369335,0.46168674,0.490368911,-0.289065752
0.927478431,-0.373876665,-0.207252157,0.462612334,0.392747843,0.462612334,0.490851101,-0.288084529
0.931170762,-0.364583341,-0.206882924,0.463541666,0.393117076,0.463541666,0.491321021,-0.287102355
0.934769976,-0.35525356,-0.206523002,0.464474644,0.393476998,0.464474644,0.491778657,-0.286119254
0.938275714,-0.345888253,-0.206172429,0.465411175,0.393827571,0.465411175,0.492223998,-0.285135249
0.941687626,-0.336488358,-0.205831237,0.466351164,0.394168763,0.466351164,0.492657034,-0.284150366
0.945005369,-0.327054815,-0.205499463,0.467294519,0.394500537,0.467294519,0.493077754,-0.283164629
0.948228613,-0.317588566,-0.205177139,0.468241143,0.394822861,0.468241143,0.493486146,-0.282178063
0.951357035,-0.308090559,-0.204864297,0.469190944,0.395135703,0.469190944,0.493882202,-0.281190693
0.954390322,-0.298561742,-0.204560968,0.470143826,0.395439032,0.470143826,0.49426591,-0.280202542
0.95732817,-0.28900307,-0.204267183,0.471099693,0.395732817,0.471099693,0.494637262,-0.279213637
0.960170287,-0.279415498,-0.203982971,0.47205845,0.396017029,0.47205845,0.494996248,-0.278224002
0.962916387,-0.269799985,-0.203708361,0.473020002,0.396291639,0.473020002,0.495342859,-0.27723366
0.965566196,-0.260157491,-0.20344338,0.473984251,0.39655662,0.473984251,0.495677087,-0.276242638
0.96811945,-0.250488983,-0.203188055,0.474951102,0.396811945,0.474951102,0.495998923,-0.27525096
0.970575893,-0.240795425,-0.202942411,0.475920457,0.397057589,0.475920457,0.496308358,-0.274258651
0.972935278,-0.231077788,-0.202706472,0.476892221,0.397293528,0.476892221,0.496605386,-0.273265735
0.975197371,-0.221337044,-0.202480263,0.477866296,0.397519737,0.477866296,0.496889999,-0.272272238
0.977361945,-0.211574166,-0.202263805,0.478842583,0.397736195,0.478842583,0.49716219,-0.271278183
0.979428784,-0.201790131,-0.202057122,0.479820987,0.397942878,0.479820987,0.497421952,-0.270283597
0.981397681,-0.191985917,-0.201860232,0.480801408,0.398139768,0.480801408,0.497669278,-0.269288504
0.983268438,-0.182162504,-0.201673156,0.48178375,0.398326844,0.48178375,0.497904162,-0.268292928
0.98504087,-0.172320876,-0.201495913,0.482767912,0.398504087,0.482767912,0.498126599,-0.267296896
0.986714799,-0.162462015,-0.20132852,0.483753798,0.39867148,0.483753798,0.498336583,-0.26630043
0.988290056,-0.152586909,-0.201170994,0.484741309,0.398829006,0.484741309,0.498534108,-0.265303558
0.989766486,-0.142696544,-0.201023351,0.485730346,0.398976649,0.485730346,0.49871917,-0.264306302
0.99114394,-0.132791909,-0.200885606,0.486720809,0.399114394,0.486720809,0.498891764,-0.263308689
0.99242228,-0.122873995,-0.200757772,0.4877126,0.399242228,0.4877126,0.499051886,-0.262310743
0.993601379,-0.112943794,-0.200639862,0.488705621,0.399360138,0.488705621,0.499199532,-0.26131249
0.994681118,-0.103002299,-0.200531888,0.48969977,0.399468112,0.48969977,0.499334697,-0.260313954
0.99566139,-0.093050503,-0.200433861,0.49069495,0.399566139,0.49069495,0.499457379,-0.25931516
0.996542097,-0.083089403,-0.20034579,0.49169106,0.39965421,0.49169106,0.499567575,-0.258316132
0.997323151,-0.073119994,-0.200267685,0.492688001,0.399732315,0.492688001,0.499665282,-0.257316898
0.998004473,-0.063143272,-0.200199553,0.493685673,0.399800447,0.493685673,0.499750497,-0.25631748
0.998585995,-0.053160237,-0.200141401,0.494683976,0.399858599,0.494683976,0.499823218,-0.255317904
0.99906766,-0.043171885,-0.200093234,0.495682811,0.399906766,0.495682811,0.499883444,-0.254318195
0.999449418,-0.033179217,-0.200055058,0.496682078,0.399944942,0.496682078,0.499931173,-0.253318378
0.999731233,-0.02318323,-0.200026877,0.497681677,0.399973123,0.497681677,0.499966403,-0.252318479
0.999913075,-0.013184925,-0.200008692,0.498681507,0.399991308,0.498681507,0.499989134,-0.251318521
0.999994927,-0.003185302,-0.200000507,0.49968147,0.399999493,0.49968147,0.499999366,-0.250318531
